Tiempo, Pos x, Pos y, distancia
0,0.213438,-0.001,0.8
0.01,0.414668,-0.00302081,0.586563
0.02,0.587614,-0.00626335,0.385344
0.03,0.667571,-0.0132482,0.212478
0.04,0.51159,-0.0448364,0.13309
0.05,0.306893,-0.084998,0.291874
0.06,0.0856649,-0.129009,0.500379
0.07,-0.143407,-0.175437,0.725891
0.08,-0.376964,-0.223698,0.959581
0.09,-0.613395,-0.273506,1.19803
0.1,-0.851816,-0.324699,1.43961
0.11,-1.09169,-0.377178,1.68343
0.12,-1.33267,-0.430878,1.92893
0.13,-1.57452,-0.485753,2.17576
0.14,-1.81708,-0.541772,2.4237
0.15,-2.0602,-0.59891,2.67257
0.16,-2.30381,-0.657148,2.92224
0.17,-2.54783,-0.716473,3.17262
0.18,-2.7922,-0.776873,3.42364
0.19,-3.03687,-0.838339,3.67525
0.2,-3.28181,-0.900863,3.92739
0.21,-3.52698,-0.964439,4.18004
0.22,-3.77236,-1.02906,4.43316
0.23,-4.01793,-1.09472,4.68673
0.24,-4.26367,-1.16143,4.94074
0.25,-4.50955,-1.22916,5.19516
0.26,-4.75558,-1.29793,5.44997
0.27,-5.00173,-1.36773,5.70518
0.28,-5.248,-1.43856,5.96077
0.29,-5.49437,-1.51041,6.21673
0.3,-5.74084,-1.58328,6.47305
0.31,-5.9874,-1.65718,6.72973
0.32,-6.23404,-1.73209,6.98677
0.33,-6.48076,-1.80803,7.24416
0.34,-6.72755,-1.88498,7.50189
0.35,-6.97441,-1.96295,7.75997
0.36,-7.22134,-2.04194,8.01839
0.37,-7.46832,-2.12194,8.27716
0.38,-7.71536,-2.20296,8.53626
0.39,-7.96245,-2.28498,8.7957
0.4,-8.20959,-2.36803,9.05548
0.41,-8.45678,-2.45208,9.31559
0.42,-8.70401,-2.53715,9.57605
0.43,-8.95128,-2.62323,9.83684
0.44,-9.1986,-2.71031,10.098
0.45,-9.44595,-2.79841,10.3594
0.46,-9.69334,-2.88752,10.6212
0.47,-9.94076,-2.97764,10.8834
0.48,-10.1882,-3.06876,11.1459
0.49,-10.4357,-3.1609,11.4087
0.5,-10.6832,-3.25404,11.6719
0.51,-10.9308,-3.34819,11.9354
0.52,-11.1783,-3.44335,12.1992
0.53,-11.4259,-3.53952,12.4634
0.54,-11.6735,-3.6367,12.728
0.55,-11.9212,-3.73488,12.9929
0.56,-12.1689,-3.83406,13.2581
0.57,-12.4166,-3.93426,13.5237
0.58,-12.6643,-4.03546,13.7897
0.59,-12.912,-4.13767,14.056
0.6,-13.1597,-4.24088,14.3227
0.61,-13.4075,-4.3451,14.5897
0.62,-13.6553,-4.45032,14.8571
0.63,-13.9031,-4.55655,15.1249
0.64,-14.1509,-4.66378,15.393
0.65,-14.3988,-4.77202,15.6615
0.66,-14.6466,-4.88127,15.9303
0.67,-14.8945,-4.99152,16.1995
0.68,-15.1424,-5.10277,16.4691
0.69,-15.3903,-5.21503,16.7391
0.7,-15.6382,-5.32829,17.0095
0.71,-15.8861,-5.44256,17.2802
0.72,-16.1341,-5.55783,17.5513
0.73,-16.382,-5.67411,17.8228
0.74,-16.63,-5.79139,18.0947
0.75,-16.878,-5.90967,18.3669
0.76,-17.1259,-6.02896,18.6396
0.77,-17.3739,-6.14925,18.9126
0.78,-17.622,-6.27055,19.1861
0.79,-17.87,-6.39285,19.4599
0.8,-18.118,-6.51615,19.7341
0.81,-18.366,-6.64045,20.0088
0.82,-18.6141,-6.76576,20.2838
0.83,-18.8622,-6.89208,20.5592
0.84,-19.1102,-7.01939,20.8351
0.85,-19.3583,-7.14771,21.1113
0.86,-19.6064,-7.27703,21.388
0.87,-19.8545,-7.40736,21.6651
0.88,-20.1026,-7.53868,21.9426
0.89,-20.3507,-7.67101,22.2205
0.9,-20.5988,-7.80435,22.4988
0.91,-20.8469,-7.93868,22.7776
0.92,-21.0951,-8.07402,23.0567
0.93,-21.3432,-8.21036,23.3363
0.94,-21.5914,-8.34771,23.6163
0.95,-21.8395,-8.48605,23.8968
0.96,-22.0877,-8.6254,24.1777
0.97,-22.3358,-8.76575,24.459
0.98,-22.584,-8.90711,24.7408
0.99,-22.8322,-9.04946,25.023
1,-23.0804,-9.19282,25.3056
1.01,-23.3286,-9.33718,25.5887
1.02,-23.5768,-9.48255,25.8722
1.03,-23.825,-9.62891,26.1562
1.04,-24.0732,-9.77628,26.4406
1.05,-24.3214,-9.92465,26.7255
1.06,-24.5696,-10.074,27.0108
1.07,-24.8179,-10.2244,27.2966
1.08,-25.0661,-10.3758,27.5828
1.09,-25.3143,-10.5282,27.8695
1.1,-25.5626,-10.6815,28.1567
1.11,-25.8108,-10.8359,28.4443
1.12,-26.0591,-10.9913,28.7324
1.13,-26.3073,-11.1477,29.021
1.14,-26.5556,-11.3051,29.31
1.15,-26.8038,-11.4635,29.5995
1.16,-27.0521,-11.6229,29.8895
1.17,-27.3004,-11.7832,30.18
1.18,-27.5487,-11.9446,30.4709
1.19,-27.7969,-12.107,30.7623
1.2,-28.0452,-12.2704,31.0542
1.21,-28.2935,-12.4348,31.3466
1.22,-28.5418,-12.6002,31.6395
1.23,-28.7901,-12.7666,31.9329
1.24,-29.0384,-12.934,32.2267
1.25,-29.2867,-13.1025,32.5211
1.26,-29.535,-13.2719,32.8159
1.27,-29.7833,-13.4423,33.1112
1.28,-30.0316,-13.6137,33.4071
1.29,-30.2799,-13.7861,33.7034
1.3,-30.5283,-13.9595,34.0003
1.31,-30.7766,-14.1339,34.2976
1.32,-31.0249,-14.3093,34.5955
1.33,-31.2733,-14.4858,34.8939
1.34,-31.5216,-14.6632,35.1928
1.35,-31.7699,-14.8416,35.4922
1.36,-32.0183,-15.021,35.7921
1.37,-32.2666,-15.2014,36.0925
1.38,-32.515,-15.3829,36.3935
1.39,-32.7633,-15.5653,36.6949
1.4,-33.0117,-15.7487,36.9969
1.41,-33.26,-15.9332,37.2995
1.42,-33.5084,-16.1186,37.6025
1.43,-33.7567,-16.305,37.9061
1.44,-34.0051,-16.4924,38.2102
1.45,-34.2534,-16.6809,38.5149
1.46,-34.5018,-16.8703,38.82
1.47,-34.7502,-17.0608,39.1258
1.48,-34.9986,-17.2522,39.432
1.49,-35.2469,-17.4446,39.7388
1.5,-35.4953,-17.6381,40.0462
1.51,-35.7437,-17.8325,40.3541
1.52,-35.9921,-18.0279,40.6625
1.53,-36.2405,-18.2244,40.9715
1.54,-36.4888,-18.4218,41.281
1.55,-36.7372,-18.6203,41.5911
1.56,-36.9856,-18.8197,41.9018
1.57,-37.234,-19.0202,42.213
1.58,-37.4824,-19.2216,42.5247
1.59,-37.7308,-19.4241,42.8371
1.6,-37.9792,-19.6275,43.1499
1.61,-38.2276,-19.832,43.4634
1.62,-38.476,-20.0374,43.7774
1.63,-38.7244,-20.2439,44.092
1.64,-38.9728,-20.4513,44.4071
1.65,-39.2212,-20.6598,44.7229
1.66,-39.4696,-20.8692,45.0391
1.67,-39.718,-21.0797,45.356
1.68,-39.9665,-21.2912,45.6735
1.69,-40.2149,-21.5036,45.9915
1.7,-40.4633,-21.7171,46.3101
1.71,-40.7117,-21.9315,46.6293
1.72,-40.9601,-22.147,46.9491
1.73,-41.2085,-22.3635,47.2694
1.74,-41.457,-22.5809,47.5904
1.75,-41.7054,-22.7994,47.9119
1.76,-41.9538,-23.0189,48.234
1.77,-42.2022,-23.2393,48.5567
1.78,-42.4507,-23.4608,48.8801
1.79,-42.6991,-23.6833,49.204
1.8,-42.9475,-23.9067,49.5285
1.81,-43.196,-24.1312,49.8536
1.82,-43.4444,-24.3567,50.1793
1.83,-43.6928,-24.5831,50.5056
1.84,-43.9413,-24.8106,50.8325
1.85,-44.1897,-25.0391,51.16
1.86,-44.4382,-25.2686,51.4882
1.87,-44.6866,-25.499,51.8169
1.88,-44.9351,-25.7305,52.1463
1.89,-45.1835,-25.963,52.4762
1.9,-45.4319,-26.1965,52.8068
1.91,-45.6804,-26.4309,53.138
1.92,-45.9288,-26.6664,53.4698
1.93,-46.1773,-26.9029,53.8023
1.94,-46.4257,-27.1404,54.1353
1.95,-46.6742,-27.3789,54.469
1.96,-46.9227,-27.6183,54.8033
1.97,-47.1711,-27.8588,55.1382
1.98,-47.4196,-28.1003,55.4738
1.99,-47.668,-28.3428,55.81
2,-47.9165,-28.5863,56.1468
2.01,-48.1649,-28.8307,56.4842
2.02,-48.4134,-29.0762,56.8223
2.03,-48.6619,-29.3227,57.1611
2.04,-48.9103,-29.5702,57.5004
2.05,-49.1588,-29.8187,57.8404
2.06,-49.4073,-30.0682,58.1811
2.07,-49.6557,-30.3187,58.5223
2.08,-49.9042,-30.5702,58.8643
2.09,-50.1527,-30.8226,59.2068
2.1,-50.4011,-31.0761,59.5501
2.11,-50.6496,-31.3306,59.8939
2.12,-50.8981,-31.5861,60.2384
2.13,-51.1466,-31.8426,60.5836
2.14,-51.395,-32.1001,60.9294
2.15,-51.6435,-32.3586,61.2759
2.16,-51.892,-32.6181,61.623
2.17,-52.1405,-32.8786,61.9708
2.18,-52.3889,-33.1401,62.3193
2.19,-52.6374,-33.4026,62.6684
2.2,-52.8859,-33.6661,63.0182
2.21,-53.1344,-33.9306,63.3686
2.22,-53.3828,-34.1961,63.7197
2.23,-53.6313,-34.4626,64.0715
2.24,-53.8798,-34.7301,64.4239
2.25,-54.1283,-34.9985,64.777
2.26,-54.3768,-35.268,65.1308
2.27,-54.6253,-35.5385,65.4852
2.28,-54.8738,-35.81,65.8403
2.29,-55.1222,-36.0825,66.1961
2.3,-55.3707,-36.356,66.5526
2.31,-55.6192,-36.6305,66.9097
2.32,-55.8677,-36.9061,67.2676
2.33,-56.1162,-37.1826,67.6261
2.34,-56.3647,-37.4601,67.9853
2.35,-56.6132,-37.7386,68.3451
2.36,-56.8617,-38.0181,68.7057
2.37,-57.1102,-38.2986,69.0669
2.38,-57.3587,-38.5801,69.4289
2.39,-57.6071,-38.8626,69.7915
2.4,-57.8556,-39.1461,70.1548
2.41,-58.1041,-39.4306,70.5188
2.42,-58.3526,-39.7161,70.8835
2.43,-58.6011,-40.0026,71.2489
2.44,-58.8496,-40.2901,71.615
2.45,-59.0981,-40.5786,71.9817
2.46,-59.3466,-40.8681,72.3492
2.47,-59.5951,-41.1586,72.7174
2.48,-59.8436,-41.4501,73.0863
2.49,-60.0921,-41.7427,73.4559
2.5,-60.3406,-42.0362,73.8262
2.51,-60.5891,-42.3307,74.1971
2.52,-60.8376,-42.6262,74.5688
2.53,-61.0861,-42.9227,74.9412
2.54,-61.3346,-43.2202,75.3144
2.55,-61.5832,-43.5187,75.6882
2.56,-61.8317,-43.8182,76.0627
2.57,-62.0802,-44.1188,76.438
2.58,-62.3287,-44.4203,76.8139
2.59,-62.5772,-44.7228,77.1906
2.6,-62.8257,-45.0263,77.568
2.61,-63.0742,-45.3308,77.9461
2.62,-63.3227,-45.6363,78.3249
2.63,-63.5712,-45.9428,78.7045
2.64,-63.8197,-46.2504,79.0847
2.65,-64.0682,-46.5589,79.4657
2.66,-64.3167,-46.8684,79.8475
2.67,-64.5653,-47.1789,80.2299
2.68,-64.8138,-47.4904,80.6131
2.69,-65.0623,-47.8029,80.997
2.7,-65.3108,-48.1165,81.3816
2.71,-65.5593,-48.431,81.7669
2.72,-65.8078,-48.7465,82.153
2.73,-66.0563,-49.063,82.5398
2.74,-66.3049,-49.3805,82.9274
2.75,-66.5534,-49.6991,83.3157
2.76,-66.8019,-50.0186,83.7047
2.77,-67.0504,-50.3391,84.0944
2.78,-67.2989,-50.6606,84.4849
2.79,-67.5474,-50.9831,84.8762
2.8,-67.796,-51.3067,85.2681
2.81,-68.0445,-51.6312,85.6608
2.82,-68.293,-51.9567,86.0543
2.83,-68.5415,-52.2832,86.4485
2.84,-68.79,-52.6108,86.8434
2.85,-69.0385,-52.9393,87.2391
2.86,-69.2871,-53.2688,87.6356
2.87,-69.5356,-53.5993,88.0327
2.88,-69.7841,-53.9309,88.4307
2.89,-70.0326,-54.2634,88.8294
2.9,-70.2812,-54.5969,89.2288
2.91,-70.5297,-54.9314,89.629
2.92,-70.7782,-55.267,90.0299
2.93,-71.0267,-55.6035,90.4316
2.94,-71.2753,-55.941,90.8341
2.95,-71.5238,-56.2795,91.2373
2.96,-71.7723,-56.6191,91.6412
2.97,-72.0208,-56.9596,92.046
2.98,-72.2694,-57.3011,92.4514
2.99,-72.5179,-57.6436,92.8577
3,-72.7664,-57.9872,93.2647
3.01,-73.0149,-58.3317,93.6725
3.02,-73.2635,-58.6772,94.081
3.03,-73.512,-59.0238,94.4903
3.04,-73.7605,-59.3713,94.9003
3.05,-74.009,-59.7198,95.3112
3.06,-74.2576,-60.0694,95.7228
3.07,-74.5061,-60.4199,96.1351
3.08,-74.7546,-60.7714,96.5483
3.09,-75.0032,-61.1239,96.9622
3.1,-75.2517,-61.4775,97.3769
3.11,-75.5002,-61.832,97.7923
3.12,-75.7487,-62.1875,98.2086
3.13,-75.9973,-62.5441,98.6256
3.14,-76.2458,-62.9016,99.0433
3.15,-76.4943,-63.2601,99.4619
3.16,-76.7429,-63.6197,99.8812
3.17,-76.9914,-63.9802,100.301
3.18,-77.2399,-64.3417,100.722
3.19,-77.4885,-64.7043,101.144
3.2,-77.737,-65.0678,101.566
3.21,-77.9855,-65.4323,101.99
3.22,-78.2341,-65.7979,102.414
3.23,-78.4826,-66.1644,102.838
3.24,-78.7311,-66.5319,103.264
3.25,-78.9797,-66.9005,103.69
3.26,-79.2282,-67.27,104.118
3.27,-79.4767,-67.6405,104.546
3.28,-79.7253,-68.0121,104.974
3.29,-79.9738,-68.3846,105.404
3.3,-80.2224,-68.7582,105.834
3.31,-80.4709,-69.1327,106.265
3.32,-80.7194,-69.5082,106.697
3.33,-80.968,-69.8848,107.13
3.34,-81.2165,-70.2623,107.563
3.35,-81.465,-70.6408,107.998
3.36,-81.7136,-71.0204,108.433
3.37,-81.9621,-71.4009,108.869
3.38,-82.2107,-71.7825,109.305
3.39,-82.4592,-72.165,109.743
3.4,-82.7077,-72.5485,110.181
3.41,-82.9563,-72.9331,110.62
3.42,-83.2048,-73.3186,111.06
3.43,-83.4534,-73.7052,111.501
3.44,-83.7019,-74.0927,111.942
3.45,-83.9504,-74.4812,112.385
3.46,-84.199,-74.8708,112.828
3.47,-84.4475,-75.2613,113.272
3.48,-84.6961,-75.6529,113.716
3.49,-84.9446,-76.0454,114.162
3.5,-85.1931,-76.4389,114.608
3.51,-85.4417,-76.8335,115.055
3.52,-85.6902,-77.229,115.503
3.53,-85.9388,-77.6256,115.952
3.54,-86.1873,-78.0231,116.402
3.55,-86.4358,-78.4216,116.852
3.56,-86.6844,-78.8212,117.303
3.57,-86.9329,-79.2217,117.755
3.58,-87.1815,-79.6233,118.208
3.59,-87.43,-80.0258,118.662
3.6,-87.6786,-80.4294,119.116
3.61,-87.9271,-80.8339,119.571
3.62,-88.1757,-81.2394,120.028
3.63,-88.4242,-81.646,120.484
3.64,-88.6727,-82.0535,120.942
3.65,-88.9213,-82.4621,121.401
3.66,-89.1698,-82.8716,121.86
3.67,-89.4184,-83.2822,122.32
3.68,-89.6669,-83.6937,122.781
3.69,-89.9155,-84.1062,123.243
3.7,-90.164,-84.5198,123.706
3.71,-90.4126,-84.9343,124.169
3.72,-90.6611,-85.3499,124.634
3.73,-90.9097,-85.7664,125.099
3.74,-91.1582,-86.184,125.565
3.75,-91.4067,-86.6025,126.032
3.76,-91.6553,-87.0221,126.499
3.77,-91.9038,-87.4426,126.968
3.78,-92.1524,-87.8642,127.437
3.79,-92.4009,-88.2867,127.907
3.8,-92.6495,-88.7103,128.378
3.81,-92.898,-89.1348,128.85
3.82,-93.1466,-89.5603,129.323
3.83,-93.3951,-89.9869,129.796
3.84,-93.6437,-90.4144,130.27
3.85,-93.8922,-90.843,130.745
3.86,-94.1408,-91.2725,131.221
3.87,-94.3893,-91.7031,131.698
3.88,-94.6379,-92.1346,132.176
3.89,-94.8864,-92.5672,132.654
3.9,-95.135,-93.0007,133.134
3.91,-95.3835,-93.4353,133.614
3.92,-95.6321,-93.8708,134.095
3.93,-95.8806,-94.3074,134.577
3.94,-96.1292,-94.7449,135.059
3.95,-96.3777,-95.1835,135.543
3.96,-96.6263,-95.623,136.027
3.97,-96.8748,-96.0636,136.512
3.98,-97.1234,-96.5051,136.998
3.99,-97.3719,-96.9477,137.485
4,-97.6205,-97.3912,137.973
4.01,-97.869,-97.8358,138.462
4.02,-98.1176,-98.2813,138.951
4.03,-98.3661,-98.7279,139.441
4.04,-98.6147,-99.1754,139.933
4.05,-98.8632,-99.624,140.425
4.06,-99.1118,-100.074,140.917
4.07,-99.3603,-100.524,141.411
4.08,-99.6089,-100.976,141.906
4.09,-99.8574,-101.428,142.401
4.1,-100.106,-101.882,142.897
4.11,-100.355,-102.336,143.394
4.12,-100.603,-102.792,143.892
4.13,-100.852,-103.248,144.391
4.14,-101.1,-103.706,144.891
4.15,-101.349,-104.164,145.391
4.16,-101.597,-104.624,145.892
4.17,-101.846,-105.085,146.395
4.18,-102.094,-105.546,146.898
4.19,-102.343,-106.009,147.402
4.2,-102.592,-106.472,147.906
4.21,-102.84,-106.937,148.412
4.22,-103.089,-107.402,148.919
4.23,-103.337,-107.869,149.426
4.24,-103.586,-108.336,149.934
4.25,-103.834,-108.805,150.443
4.26,-104.083,-109.275,150.953
4.27,-104.331,-109.745,151.464
4.28,-104.58,-110.217,151.976
4.29,-104.829,-110.689,152.488
4.3,-105.077,-111.163,153.002
4.31,-105.326,-111.637,153.516
4.32,-105.574,-112.113,154.031
4.33,-105.823,-112.589,154.547
4.34,-106.071,-113.067,155.064
4.35,-106.32,-113.546,155.582
4.36,-106.568,-114.025,156.1
4.37,-106.817,-114.506,156.62
4.38,-107.066,-114.987,157.14
4.39,-107.314,-115.47,157.661
4.4,-107.563,-115.953,158.183
4.41,-107.811,-116.438,158.706
4.42,-108.06,-116.923,159.23
4.43,-108.308,-117.41,159.755
4.44,-108.557,-117.898,160.28
4.45,-108.805,-118.386,160.807
4.46,-109.054,-118.876,161.334
4.47,-109.303,-119.366,161.862
4.48,-109.551,-119.858,162.391
4.49,-109.8,-120.35,162.921
4.5,-110.048,-120.844,163.452
4.51,-110.297,-121.338,163.983
4.52,-110.545,-121.834,164.516
4.53,-110.794,-122.331,165.049
4.54,-111.042,-122.828,165.584
4.55,-111.291,-123.327,166.119
4.56,-111.54,-123.826,166.655
4.57,-111.788,-124.327,167.192
4.58,-112.037,-124.828,167.73
4.59,-112.285,-125.331,168.268
4.6,-112.534,-125.834,168.808
4.61,-112.782,-126.339,169.348
4.62,-113.031,-126.845,169.89
4.63,-113.279,-127.351,170.432
4.64,-113.528,-127.859,170.975
4.65,-113.777,-128.367,171.519
4.66,-114.025,-128.877,172.064
4.67,-114.274,-129.387,172.61
4.68,-114.522,-129.899,173.156
4.69,-114.771,-130.412,173.704
4.7,-115.019,-130.925,174.252
4.71,-115.268,-131.44,174.801
4.72,-115.517,-131.955,175.351
4.73,-115.765,-132.472,175.903
4.74,-116.014,-132.989,176.454
4.75,-116.262,-133.508,177.007
4.76,-116.511,-134.027,177.561
4.77,-116.759,-134.548,178.116
4.78,-117.008,-135.07,178.671
4.79,-117.256,-135.592,179.227
4.8,-117.505,-136.116,179.785
4.81,-117.754,-136.64,180.343
4.82,-118.002,-137.166,180.902
4.83,-118.251,-137.692,181.462
4.84,-118.499,-138.22,182.023
4.85,-118.748,-138.748,182.584
4.86,-118.996,-139.278,183.147
4.87,-119.245,-139.809,183.71
4.88,-119.493,-140.34,184.275
4.89,-119.742,-140.873,184.84
4.9,-119.991,-141.406,185.406
4.91,-120.239,-141.941,185.973
4.92,-120.488,-142.476,186.541
4.93,-120.736,-143.013,187.11
4.94,-120.985,-143.551,187.68
4.95,-121.233,-144.089,188.251
4.96,-121.482,-144.629,188.822
4.97,-121.731,-145.169,189.395
4.98,-121.979,-145.711,189.968
4.99,-122.228,-146.253,190.542
5,-122.476,-146.797,191.117
5.01,-122.725,-147.341,191.693
5.02,-122.973,-147.887,192.27
5.03,-123.222,-148.434,192.848
5.04,-123.47,-148.981,193.427
5.05,-123.719,-149.53,194.006
5.06,-123.968,-150.079,194.587
5.07,-124.216,-150.63,195.168
5.08,-124.465,-151.181,195.751
5.09,-124.713,-151.734,196.334
5.1,-124.962,-152.287,196.918
5.11,-125.21,-152.842,197.503
5.12,-125.459,-153.398,198.089
5.13,-125.708,-153.954,198.676
5.14,-125.956,-154.512,199.264
5.15,-126.205,-155.07,199.852
5.16,-126.453,-155.63,200.442
5.17,-126.702,-156.19,201.032
5.18,-126.95,-156.752,201.624
5.19,-127.199,-157.315,202.216
5.2,-127.447,-157.878,202.809
5.21,-127.696,-158.443,203.403
5.22,-127.945,-159.008,203.998
5.23,-128.193,-159.575,204.594
5.24,-128.442,-160.142,205.191
5.25,-128.69,-160.711,205.789
5.26,-128.939,-161.281,206.387
5.27,-129.187,-161.851,206.987
5.28,-129.436,-162.423,207.587
5.29,-129.685,-162.995,208.189
5.3,-129.933,-163.569,208.791
5.31,-130.182,-164.143,209.394
5.32,-130.43,-164.719,209.998
5.33,-130.679,-165.295,210.603
5.34,-130.927,-165.873,211.209
5.35,-131.176,-166.452,211.816
5.36,-131.424,-167.031,212.424
5.37,-131.673,-167.612,213.032
5.38,-131.922,-168.193,213.642
5.39,-132.17,-168.776,214.252
5.4,-132.419,-169.359,214.864
5.41,-132.667,-169.944,215.476
5.42,-132.916,-170.53,216.089
5.43,-133.164,-171.116,216.703
5.44,-133.413,-171.704,217.318
5.45,-133.662,-172.292,217.934
5.46,-133.91,-172.882,218.551
5.47,-134.159,-173.472,219.169
5.48,-134.407,-174.064,219.787
5.49,-134.656,-174.656,220.407
5.5,-134.904,-175.25,221.028
5.51,-135.153,-175.845,221.649
5.52,-135.402,-176.44,222.271
5.53,-135.65,-177.037,222.895
5.54,-135.899,-177.634,223.519
5.55,-136.147,-178.233,224.144
5.56,-136.396,-178.832,224.77
5.57,-136.644,-179.433,225.397
5.58,-136.893,-180.035,226.025
5.59,-137.141,-180.637,226.653
5.6,-137.39,-181.241,227.283
5.61,-137.639,-181.845,227.914
5.62,-137.887,-182.451,228.545
5.63,-138.136,-183.057,229.178
5.64,-138.384,-183.665,229.811
5.65,-138.633,-184.274,230.445
5.66,-138.881,-184.883,231.081
5.67,-139.13,-185.494,231.717
5.68,-139.379,-186.105,232.354
5.69,-139.627,-186.718,232.992
5.7,-139.876,-187.331,233.631
5.71,-140.124,-187.946,234.271
5.72,-140.373,-188.562,234.911
5.73,-140.621,-189.178,235.553
5.74,-140.87,-189.796,236.196
5.75,-141.119,-190.414,236.839
5.76,-141.367,-191.034,237.484
5.77,-141.616,-191.654,238.129
5.78,-141.864,-192.276,238.775
5.79,-142.113,-192.898,239.422
5.8,-142.361,-193.522,240.071
5.81,-142.61,-194.147,240.72
5.82,-142.859,-194.772,241.37
5.83,-143.107,-195.399,242.021
5.84,-143.356,-196.026,242.672
5.85,-143.604,-196.655,243.325
5.86,-143.853,-197.284,243.979
5.87,-144.101,-197.915,244.634
5.88,-144.35,-198.547,245.289
5.89,-144.598,-199.179,245.946
5.9,-144.847,-199.813,246.603
5.91,-145.096,-200.447,247.261
5.92,-145.344,-201.083,247.921
5.93,-145.593,-201.719,248.581
5.94,-145.841,-202.357,249.242
5.95,-146.09,-202.996,249.904
5.96,-146.338,-203.635,250.567
5.97,-146.587,-204.276,251.231
5.98,-146.836,-204.917,251.896
5.99,-147.084,-205.56,252.562
6,-147.333,-206.203,253.228
6.01,-147.581,-206.848,253.896
6.02,-147.83,-207.494,254.565
6.03,-148.078,-208.14,255.234
6.04,-148.327,-208.788,255.904
6.05,-148.576,-209.436,256.576
6.06,-148.824,-210.086,257.248
6.07,-149.073,-210.736,257.921
6.08,-149.321,-211.388,258.596
6.09,-149.57,-212.041,259.271
6.1,-149.818,-212.694,259.947
6.11,-150.067,-213.349,260.624
6.12,-150.316,-214.004,261.302
6.13,-150.564,-214.661,261.98
6.14,-150.813,-215.318,262.66
6.15,-151.061,-215.977,263.341
6.16,-151.31,-216.637,264.022
6.17,-151.558,-217.297,264.705
6.18,-151.807,-217.959,265.389
6.19,-152.056,-218.621,266.073
6.2,-152.304,-219.285,266.758
6.21,-152.553,-219.949,267.445
6.22,-152.801,-220.615,268.132
6.23,-153.05,-221.282,268.82
6.24,-153.298,-221.949,269.509
6.25,-153.547,-222.618,270.199
6.26,-153.795,-223.287,270.89
6.27,-154.044,-223.958,271.582
6.28,-154.293,-224.629,272.275
6.29,-154.541,-225.302,272.969
6.3,-154.79,-225.976,273.664
6.31,-155.038,-226.65,274.359
6.32,-155.287,-227.326,275.056
6.33,-155.535,-228.002,275.754
6.34,-155.784,-228.68,276.452
6.35,-156.033,-229.358,277.152
6.36,-156.281,-230.038,277.852
6.37,-156.53,-230.718,278.553
6.38,-156.778,-231.4,279.256
6.39,-157.027,-232.083,279.959
6.4,-157.275,-232.766,280.663
6.41,-157.524,-233.451,281.368
6.42,-157.773,-234.136,282.074
6.43,-158.021,-234.823,282.781
6.44,-158.27,-235.51,283.489
6.45,-158.518,-236.199,284.198
6.46,-158.767,-236.889,284.908
6.47,-159.015,-237.579,285.618
6.48,-159.264,-238.271,286.33
6.49,-159.513,-238.963,287.043
6.5,-159.761,-239.657,287.756
6.51,-160.01,-240.351,288.471
6.52,-160.258,-241.047,289.186
6.53,-160.507,-241.744,289.902
6.54,-160.755,-242.441,290.62
6.55,-161.004,-243.14,291.338
6.56,-161.253,-243.839,292.057
6.57,-161.501,-244.54,292.777
6.58,-161.75,-245.241,293.499
6.59,-161.998,-245.944,294.221
6.6,-162.247,-246.648,294.944
6.61,-162.495,-247.352,295.668
6.62,-162.744,-248.058,296.392
6.63,-162.993,-248.764,297.118
6.64,-163.241,-249.472,297.845
6.65,-163.49,-250.18,298.573
6.66,-163.738,-250.89,299.301
6.67,-163.987,-251.601,300.031
6.68,-164.235,-252.312,300.762
6.69,-164.484,-253.025,301.493
6.7,-164.733,-253.738,302.226
6.71,-164.981,-254.453,302.959
6.72,-165.23,-255.168,303.693
6.73,-165.478,-255.885,304.429
6.74,-165.727,-256.603,305.165
6.75,-165.975,-257.321,305.902
6.76,-166.224,-258.041,306.64
6.77,-166.473,-258.761,307.379
6.78,-166.721,-259.483,308.119
6.79,-166.97,-260.205,308.86
6.8,-167.218,-260.929,309.602
6.81,-167.467,-261.654,310.345
6.82,-167.715,-262.379,311.089
6.83,-167.964,-263.106,311.834
6.84,-168.212,-263.833,312.579
6.85,-168.461,-264.562,313.326
6.86,-168.71,-265.291,314.074
6.87,-168.958,-266.022,314.822
6.88,-169.207,-266.754,315.572
6.89,-169.455,-267.486,316.322
6.9,-169.704,-268.22,317.074
6.91,-169.952,-268.954,317.826
6.92,-170.201,-269.69,318.579
6.93,-170.45,-270.427,319.334
6.94,-170.698,-271.164,320.089
6.95,-170.947,-271.903,320.845
6.96,-171.195,-272.642,321.602
6.97,-171.444,-273.383,322.36
6.98,-171.692,-274.124,323.119
6.99,-171.941,-274.867,323.879
7,-172.19,-275.611,324.64
7.01,-172.438,-276.355,325.402
7.02,-172.687,-277.101,326.165
7.03,-172.935,-277.847,326.929
7.04,-173.184,-278.595,327.694
7.05,-173.432,-279.343,328.459
7.06,-173.681,-280.093,329.226
7.07,-173.93,-280.844,329.993
7.08,-174.178,-281.595,330.762
7.09,-174.427,-282.348,331.532
7.1,-174.675,-283.101,332.302
7.11,-174.924,-283.856,333.073
7.12,-175.172,-284.611,333.846
7.13,-175.421,-285.368,334.619
7.14,-175.67,-286.126,335.393
7.15,-175.918,-286.884,336.169
7.16,-176.167,-287.644,336.945
7.17,-176.415,-288.404,337.722
7.18,-176.664,-289.166,338.5
7.19,-176.912,-289.928,339.279
7.2,-177.161,-290.692,340.059
7.21,-177.41,-291.457,340.84
7.22,-177.658,-292.222,341.622
7.23,-177.907,-292.989,342.405
7.24,-178.155,-293.756,343.189
7.25,-178.404,-294.525,343.973
7.26,-178.652,-295.294,344.759
7.27,-178.901,-296.065,345.546
7.28,-179.15,-296.837,346.334
7.29,-179.398,-297.609,347.122
7.3,-179.647,-298.383,347.912
7.31,-179.895,-299.157,348.702
7.32,-180.144,-299.933,349.494
7.33,-180.392,-300.709,350.286
7.34,-180.641,-301.487,351.08
7.35,-180.89,-302.266,351.874
7.36,-181.138,-303.045,352.669
7.37,-181.387,-303.826,353.466
7.38,-181.635,-304.607,354.263
7.39,-181.884,-305.39,355.061
7.4,-182.132,-306.173,355.86
7.41,-182.381,-306.958,356.66
7.42,-182.63,-307.744,357.461
7.43,-182.878,-308.53,358.263
7.44,-183.127,-309.318,359.066
7.45,-183.375,-310.106,359.87
7.46,-183.624,-310.896,360.675
7.47,-183.872,-311.686,361.481
7.48,-184.121,-312.478,362.288
7.49,-184.37,-313.271,363.095
7.5,-184.618,-314.064,363.904
7.51,-184.867,-314.859,364.714
7.52,-185.115,-315.654,365.525
7.53,-185.364,-316.451,366.336
7.54,-185.612,-317.248,367.149
7.55,-185.861,-318.047,367.962
7.56,-186.11,-318.847,368.777
7.57,-186.358,-319.647,369.592
7.58,-186.607,-320.449,370.409
7.59,-186.855,-321.251,371.226
7.6,-187.104,-322.055,372.044
7.61,-187.352,-322.86,372.864
7.62,-187.601,-323.665,373.684
7.63,-187.85,-324.472,374.505
7.64,-188.098,-325.279,375.327
7.65,-188.347,-326.088,376.15
7.66,-188.595,-326.897,376.974
7.67,-188.844,-327.708,377.8
7.68,-189.092,-328.52,378.626
7.69,-189.341,-329.332,379.453
7.7,-189.59,-330.146,380.28
7.71,-189.838,-330.96,381.109
7.72,-190.087,-331.776,381.939
7.73,-190.335,-332.592,382.77
7.74,-190.584,-333.41,383.602
7.75,-190.832,-334.229,384.435
7.76,-191.081,-335.048,385.268
7.77,-191.33,-335.869,386.103
7.78,-191.578,-336.69,386.939
7.79,-191.827,-337.513,387.775
7.8,-192.075,-338.336,388.613
7.81,-192.324,-339.161,389.451
7.82,-192.572,-339.987,390.291
7.83,-192.821,-340.813,391.131
7.84,-193.07,-341.641,391.973
7.85,-193.318,-342.469,392.815
7.86,-193.567,-343.299,393.659
7.87,-193.815,-344.129,394.503
7.88,-194.064,-344.961,395.348
7.89,-194.312,-345.794,396.194
7.9,-194.561,-346.627,397.042
7.91,-194.81,-347.462,397.89
7.92,-195.058,-348.297,398.739
7.93,-195.307,-349.134,399.589
7.94,-195.555,-349.971,400.44
7.95,-195.804,-350.81,401.292
7.96,-196.052,-351.65,402.145
7.97,-196.301,-352.49,402.999
7.98,-196.55,-353.332,403.854
7.99,-196.798,-354.174,404.71
8,-197.047,-355.018,405.567
8.01,-197.295,-355.863,406.425
8.02,-197.544,-356.708,407.284
8.03,-197.792,-357.555,408.143
8.04,-198.041,-358.402,409.004
8.05,-198.29,-359.251,409.866
8.06,-198.538,-360.1,410.728
8.07,-198.787,-360.951,411.592
8.08,-199.035,-361.803,412.457
8.09,-199.284,-362.655,413.322
8.1,-199.532,-363.509,414.189
8.11,-199.781,-364.363,415.056
8.12,-200.03,-365.219,415.925
8.13,-200.278,-366.075,416.794
8.14,-200.527,-366.933,417.665
8.15,-200.775,-367.792,418.536
8.16,-201.024,-368.651,419.408
8.17,-201.272,-369.512,420.282
8.18,-201.521,-370.373,421.156
8.19,-201.77,-371.236,422.031
8.2,-202.018,-372.099,422.907
8.21,-202.267,-372.964,423.784
8.22,-202.515,-373.83,424.663
8.23,-202.764,-374.696,425.542
8.24,-203.012,-375.564,426.422
8.25,-203.261,-376.432,427.303
8.26,-203.51,-377.302,428.185
8.27,-203.758,-378.172,429.068
8.28,-204.007,-379.044,429.952
8.29,-204.255,-379.917,430.837
8.3,-204.504,-380.79,431.723
8.31,-204.752,-381.665,432.609
8.32,-205.001,-382.54,433.497
8.33,-205.25,-383.417,434.386
8.34,-205.498,-384.295,435.276
8.35,-205.747,-385.173,436.167
8.36,-205.995,-386.053,437.058
8.37,-206.244,-386.933,437.951
8.38,-206.492,-387.815,438.845
8.39,-206.741,-388.697,439.739
8.4,-206.99,-389.581,440.635
8.41,-207.238,-390.466,441.531
8.42,-207.487,-391.351,442.429
8.43,-207.735,-392.238,443.327
8.44,-207.984,-393.125,444.227
8.45,-208.232,-394.014,445.127
8.46,-208.481,-394.903,446.029
8.47,-208.73,-395.794,446.931
8.48,-208.978,-396.686,447.834
8.49,-209.227,-397.578,448.739
8.5,-209.475,-398.472,449.644
8.51,-209.724,-399.366,450.55
8.52,-209.972,-400.262,451.457
8.53,-210.221,-401.158,452.366
8.54,-210.47,-402.056,453.275
8.55,-210.718,-402.955,454.185
8.56,-210.967,-403.854,455.096
8.57,-211.215,-404.755,456.008
8.58,-211.464,-405.656,456.921
8.59,-211.712,-406.559,457.835
8.6,-211.961,-407.463,458.75
8.61,-212.21,-408.367,459.666
8.62,-212.458,-409.273,460.583
8.63,-212.707,-410.179,461.501
8.64,-212.955,-411.087,462.42
8.65,-213.204,-411.995,463.34
8.66,-213.453,-412.905,464.261
8.67,-213.701,-413.816,465.182
8.68,-213.95,-414.727,466.105
8.69,-214.198,-415.64,467.029
8.7,-214.447,-416.553,467.954
8.71,-214.695,-417.468,468.879
8.72,-214.944,-418.383,469.806
8.73,-215.193,-419.3,470.734
8.74,-215.441,-420.218,471.662
8.75,-215.69,-421.136,472.592
8.76,-215.938,-422.056,473.522
8.77,-216.187,-422.976,474.454
8.78,-216.435,-423.898,475.386
8.79,-216.684,-424.82,476.32
8.8,-216.933,-425.744,477.254
8.81,-217.181,-426.669,478.19
8.82,-217.43,-427.594,479.126
8.83,-217.678,-428.521,480.064
8.84,-217.927,-429.448,481.002
8.85,-218.175,-430.377,481.941
8.86,-218.424,-431.307,482.881
8.87,-218.673,-432.237,483.823
8.88,-218.921,-433.169,484.765
8.89,-219.17,-434.101,485.708
8.9,-219.418,-435.035,486.652
8.91,-219.667,-435.969,487.598
8.92,-219.915,-436.905,488.544
8.93,-220.164,-437.842,489.491
8.94,-220.413,-438.779,490.439
8.95,-220.661,-439.718,491.388
8.96,-220.91,-440.657,492.338
8.97,-221.158,-441.598,493.289
8.98,-221.407,-442.539,494.241
8.99,-221.655,-443.482,495.194
9,-221.904,-444.426,496.148
9.01,-222.153,-445.37,497.103
9.02,-222.401,-446.316,498.059
9.03,-222.65,-447.262,499.016
9.04,-222.898,-448.21,499.973
9.05,-223.147,-449.158,500.932
9.06,-223.395,-450.108,501.892
9.07,-223.644,-451.059,502.853
9.08,-223.893,-452.01,503.814
9.09,-224.141,-452.963,504.777
9.1,-224.39,-453.916,505.741
9.11,-224.638,-454.871,506.706
9.12,-224.887,-455.827,507.671
9.13,-225.135,-456.783,508.638
9.14,-225.384,-457.741,509.605
9.15,-225.633,-458.699,510.574
9.16,-225.881,-459.659,511.543
9.17,-226.13,-460.619,512.514
9.18,-226.378,-461.581,513.485
9.19,-226.627,-462.544,514.458
9.2,-226.875,-463.507,515.431
9.21,-227.124,-464.472,516.406
9.22,-227.373,-465.437,517.381
9.23,-227.621,-466.404,518.358
9.24,-227.87,-467.371,519.335
9.25,-228.118,-468.34,520.313
9.26,-228.367,-469.31,521.293
9.27,-228.615,-470.28,522.273
9.28,-228.864,-471.252,523.254
9.29,-229.113,-472.224,524.236
9.3,-229.361,-473.198,525.22
9.31,-229.61,-474.173,526.204
9.32,-229.858,-475.148,527.189
9.33,-230.107,-476.125,528.175
9.34,-230.355,-477.102,529.162
9.35,-230.604,-478.081,530.15
9.36,-230.853,-479.06,531.139
9.37,-231.101,-480.041,532.129
9.38,-231.35,-481.023,533.121
9.39,-231.598,-482.005,534.113
9.4,-231.847,-482.989,535.106
9.41,-232.095,-483.973,536.1
9.42,-232.344,-484.959,537.094
9.43,-232.593,-485.945,538.09
9.44,-232.841,-486.933,539.087
9.45,-233.09,-487.922,540.085
9.46,-233.338,-488.911,541.084
9.47,-233.587,-489.902,542.084
9.48,-233.835,-490.893,543.085
9.49,-234.084,-491.886,544.086
9.5,-234.333,-492.879,545.089
9.51,-234.581,-493.874,546.093
9.52,-234.83,-494.87,547.098
9.53,-235.078,-495.866,548.103
9.54,-235.327,-496.864,549.11
9.55,-235.575,-497.862,550.118
9.56,-235.824,-498.862,551.126
9.57,-236.073,-499.863,552.136
9.58,-236.321,-500.864,553.147
9.59,-236.57,-501.867,554.158
9.6,-236.818,-502.87,555.171
9.61,-237.067,-503.875,556.184
9.62,-237.316,-504.88,557.199
9.63,-237.564,-505.887,558.214
9.64,-237.813,-506.895,559.231
9.65,-238.061,-507.903,560.248
9.66,-238.31,-508.913,561.267
9.67,-238.558,-509.923,562.286
9.68,-238.807,-510.935,563.307
9.69,-239.056,-511.947,564.328
9.7,-239.304,-512.961,565.35
9.71,-239.553,-513.976,566.374
9.72,-239.801,-514.991,567.398
9.73,-240.05,-516.008,568.423
9.74,-240.298,-517.025,569.449
9.75,-240.547,-518.044,570.477
9.76,-240.796,-519.064,571.505
9.77,-241.044,-520.084,572.534
9.78,-241.293,-521.106,573.564
9.79,-241.541,-522.128,574.596
9.8,-241.79,-523.152,575.628
9.81,-242.038,-524.176,576.661
9.82,-242.287,-525.202,577.695
9.83,-242.536,-526.229,578.73
9.84,-242.784,-527.256,579.766
9.85,-243.033,-528.285,580.803
9.86,-243.281,-529.314,581.841
9.87,-243.53,-530.345,582.88
9.88,-243.778,-531.376,583.92
9.89,-244.027,-532.409,584.961
9.9,-244.276,-533.443,586.003
9.91,-244.524,-534.477,587.046
9.92,-244.773,-535.513,588.09
9.93,-245.021,-536.549,589.135
9.94,-245.27,-537.587,590.181
9.95,-245.518,-538.626,591.228
9.96,-245.767,-539.665,592.275
9.97,-246.016,-540.706,593.324
9.98,-246.264,-541.747,594.374
9.99,-246.513,-542.79,595.425
10,-246.761,-543.833,596.477
